Nom,Categorie,PrixAchat,PrixVente,Stock
"ACHETE GETABLE 25PS","Cosmétique",17750,25000,20
"ACHETE GETABLE ALJILANI","Cuisine",20824.32,25000,27
"ADIAS POZER","Cosmétique",24000,30000,3
"ADIDA CONTROL","Cosmétique",24000,30000,3
"ADIDAS BOOSTER","Cosmétique",24000,30000,3
"ADIIDAS ICE DIVE","Cosmétique",24000,30000,3
"AL TAGHWIAH  BEEF 840G","Alimentation",48000,60000,0
"AL TAGHWIAH 340G","Alimentation",23000,30000,4
"AL TAGHWIAH POULET 840G","Alimentation",48000,60000,0
"ALUMINIUM DELMOND","Cuisine",21102.82,25000,24
"ALUMINIUM GLOD","Cuisine",10208.89,15000,18
"ALUMINIUM GOLDEN","Cuisine",10416,15000,10
"ALUMINIUM HOTPACK","Cuisine",32083,40000,0
"ALUMINIUM HOTPACK 30CM","Cuisine",32979,40000,24
"ANKUR SALT 1KG","Cuisine",5800,8000,24
"ANMOL GLUCO ZING","Biscuit",849,1000,156
"ANMOL NICE","Biscuit",849,1000,123
"ANMOL YUMMY  CHOCOLA","Biscuit",849,1000,108
"ANMOL YUMMY MILK","Biscuit",849,1000,109
"AROME MAGGI","Cuisine",18750,25000,8
"ASSITTES ALUMINIM","Cuisine",800,1500,342
"ASSITTES RAHA","Cuisine",21000,25000,0
"AXE BLACK","Cosmétique",20000,25000,4
"AXE DARK","Cosmétique",20000,25000,3
"AXE GOLD","Cosmétique",20000,25000,1
"AXE ICE CHILL","Cosmétique",20000,25000,2
"AXE MUSK","Cosmétique",20000,25000,5
"All TIME ROMA GREND","Divers",15816,20000,12
"All Time Roma petti","Divers",8000,10000,20
"BAKE COOKIES VANILLA","Biscuit",8000,10000,11
"BAMA 16","Alimentation",18075,22000,1
"BAMA 32","Alimentation",34583,37000,64
"BAMA GALON","Alimentation",128750,135000,24
"BEAUTY BANO CANDY 750ML","Cosmétique",25000,35000,3
"BEAUTY BANO FRESA YNATA 750ML","Cosmétique",25000,35000,1
"BEAUTY CREAM","Cosmétique",23000,30000,2
"BEAUTY FORMULAS","Cosmétique",23000,30000,5
"BELLOTTI COCOA CREAM","Biscuit",12916,20000,1
"BELLOTTI HAZELNUT CREAM","Biscuit",12916,20000,4
"BELLOTTI VANILLA FLAV0RED CREAM","Biscuit",12916,20000,6
"BERRE FINESSE 1KG","Alimentation",28125,35000,0
"BERRE FINESSE 4.5KG","Alimentation",115000,125000,0
"BERRE KADI 5KG","Alimentation",112000,125000,0
"BERRE ROMI","Alimentation",26000,30000,0
"BERTS CRAQUANTE","Biscuit",7638,10000,29
"BEST MAYO 500ML","Alimentation",8750,10000,0
"BEST YAOUR SACHET","Lait",2800,4000,50
"BEST YAOURET FRAISE 125G","Lait",4500,5000,89
"BEST YAOURT BANANA125G","Lait",4000,5000,9
"BEST YAOURT FRAISE 350G","Lait",11000,15000,61
"BEST YAOURT VANILLE 125G","Lait",4500,5000,81
"BEST YAOURT VANILLE 350G","Lait",11000,15000,19
"BESTCHOCO900G","Chocolat",34000,40000,3
"BESTYAOUR 350G NATURE","Lait",11000,15000,23
"BESTYAOUR NATURE 900G","Lait",22000,25000,22
"BEURE GOLDINA 1KG","Alimentation",34166,40000,0
"BEURE GOLDINA 2.5KG","Alimentation",78075,85000,0
"BIFA 2000","Biscuit",8888,10000,37
"BIFA 2000 MAXI","Biscuit",17500,20000,0
"BIFA 2000 MAXI COCOA CREAN","Biscuit",17500,20000,17
"BIFA FINGER BISKUVI","Biscuit",27500,30000,8
"BIFA FORE COCAO CREAM","Biscuit",6450,10000,11
"BIFA FORE FRAISE","Biscuit",6458,10000,16
"BIFA FORE VANILLA","Biscuit",6458,10000,14
"BIFA MAXI 2000","Biscuit",16025,20000,0
"BIFA SAMYELI CHOCOLA","Biscuit",8200,10000,0
"BIFA SAMYELI LAIT","Biscuit",8200,10000,0
"BIFARELLA 100G","Chocolat",13230.15,20000,11
"BIFARELLA 900G","Chocolat",40000,50000,3
"BIGBOM","Bonbon",21562,24000,5
"BIO CURCUMA","Cuisine",27916,30000,0
"BISCUIT L AMORE","Biscuit",7800,10000,3
"BISKREM","Biscuit",1647.46,2000,248
"BLEDILAIT 400G","Lait",55416,65000,9
"BLEDINE BISCUIT","Bébé",32162.92,35000,65
"BLEDINE FRUITS","Bébé",32222,35000,15
"BLEDINE LACTEE","Bébé",32104.95,35000,28
"BLEDINE MIEL LAIT","Bébé",32083,35000,12
"BMH MOUCHOIR COTON","Cosmétique",1000,2000,270
"BOMBOM CARAMEL","Bonbon",1475.67,3000,199
"BONBON COFFEE TAYAS","Bonbon",38750,45000,6
"BORDON","Alimentation",25215.85,33000,53
"BOSS COLGATE 2-5ANS","Cosmétique",6000,10000,19
"BOSS COLGATE CHARCOAL","Cosmétique",13000,20000,4
"BOSS COLGATE CHARCOAL GOLD","Cosmétique",13000,20000,68
"BOSS COLGATE DOUBLE  ACTION","Autre",3500,5000,184
"BOSS COLGATE DOUBLE  ACTION CHARCOAL","Cosmétique",4000,7000,1
"BOSS COLGATE EXTRA CLEAN","Cosmétique",7000,10000,57
"BOSS COLGATE MAX WHITE","Cosmétique",10000,15000,44
"BOSS COLGATE OPTIC WHITE","Cosmétique",13000,20000,30
"BOSS COLGATE WHOLE MOUTH","Cosmétique",13000,20000,54
"BOSS COLGATE ZIG ZAG  MEDIUM","Cosmétique",10000,15000,104
"BOSS COLGATE ZIG ZAG CHARCOAL","Cosmétique",13000,20000,15
"BRETS ANEIENNE","Biscuit",7638,10000,31
"BRUT ATTRACTION","Cosmétique",27500,40000,4
"BRUT IDENTITY","Cosmétique",27500,40000,4
"BRUT MUSK","Cosmétique",27500,40000,0
"BRUT OCEANS","Cosmétique",27500,40000,2
"BRUT SPORT","Cosmétique",27500,40000,5
"BUENO KINDER","Biscuit",10666,15000,0
"BUENO KINDER WHITE","Biscuit",10666,15000,1
"BUTTER COOKIES BLEUT","Biscuit",25388.29,30000,4
"BUTTER COOKIES ROUGE","Biscuit",25416,30000,1
"Bake cookies peanut flavoured","Biscuit",8000,15000,12
"Biscuit","",50000,65000,10
"Britania Good day butter cookies","",15833,20000,12
"Britania good day cashew cookies","",15833,20000,12
"Britannique good Day pistachio","",15833,20000,12
"CAFE ESPRESSO PALANTATION","Café",61000,80000,10
"CAFE SOLUBLE 50GM","Café",7291.67,10000,24
"CAFFE BOMBOM","Bonbon",150,250,1370
"CAMEE DEODORANT","Cosmétique",27500,35000,6
"CAMEE EAU DE COLOGNE","Cosmétique",37500,50000,4
"CAPRISUN MULTI VITAMIN","Boisson",3125,4000,5
"CARAMEL BOMBOM","Bonbon",2037.5,3000,1
"CERELAC BLE","Bébé",33564.1,37000,49
"CERELAC BLE 200G","Bébé",18055,25000,32
"CERELAC FRUIT","Bébé",40321.45,45000,29
"CERES 100% ORANGE 1L","Boisson",22083,30000,0
"CERES 100% PINEAPPLE 1L","Boisson",22083,30000,0
"CFFEE BOMBOM","Bonbon",150,250,0
"CHAPELURE","Cuisine",13541,25000,10
"CHAPELURE TIPIAK","Cuisine",18750,25000,10
"CHCOLATE 47%","Chocolat",24000,30000,0
"CHEWINGUM MENTOS BLEUT","Chewing-gum",20000,25000,1
"CHEWINGUM MENTOS FRESH","Chewing-gum",19332.8,25000,0
"CHEWINGUM MENTOS TROPICAL","Chewing-gum",19166,25000,4
"CHIPS BRETS ORIGINALE 30G","Céréales",7343,10000,0
"CHIPS BRETS SAUCE BARBECUE 25G","Céréales",7343,10000,35
"CHOCO BOMBOM","Bonbon",150,250,1070
"CHOCO FLAKES","Céréales",23333,30000,6
"CHOCO FLAKES RITE","Biscuit",27083,30000,7
"CHOCO MINT TAYAS","Bonbon",38750,45000,9
"CHOCO PAIN 1KG","Chocolat",34166,40000,24
"CHOCOLA  ALMOND","Chocolat",3500,5000,18
"CHOCOLA  STRAWBERRY","Chocolat",3500,5000,30
"CHOCOLA HAZDNUT","Chocolat",3500,5000,46
"CHOCOLA MARTINA","Chocolat",70625,85000,8
"CHOCOLA ORIEN","Chocolat",38125,45000,5
"CHOCOLA ORIENT","Chocolat",38125,45000,10
"CHOCOLA PANY","Chocolat",16250,25000,0
"CHOCOLA PANY 160G","Chocolat",8148,10000,27
"CHOCOLA PANY 350G","Chocolat",13000,20000,30
"CHOCOLA PANY 400G","Chocolat",16250,25000,9
"CHOCOLA PANY 700G","Chocolat",23636,35000,8
"CHOCOLA TRIO","Chocolat",4500,5000,76
"CHOCOLAT 72%","Chocolat",22000,30000,0
"CHOCOLAT AU LAIT EVERYDAY","Chocolat",28000,35000,1
"CHOCOLAT AUX NOISETTES EVERDAY","Chocolat",28000,35000,2
"CHOCOLAT BLANC EVERYDAY","Chocolat",28000,35000,2
"CHOCOLAT ECO","Chocolat",125000,150000,5
"CHOCOLATE 52%","Chocolat",25000,30000,0
"CHOCOLATE 70%","Chocolat",25000,30000,0
"CHOCOLATE DOLAR","Chocolat",4088.82,5000,50
"CHOCOLATE JAGO 200G","Alimentation",12300,15000,0
"CHOCOPIN 500G","Chocolat",17000,20000,11
"CHOCOPIN 5KG","Chocolat",128074.06,140000,12
"CILNEXE NURA","Cosmétique",8000,15000,119
"CILNEXE SOFE","Cosmétique",3812,5000,30
"CLING FILM 30CM","Cuisine",29583,35000,10
"COCA","Boisson",5833.33,7000,32
"COCA COLA TUAN","Boisson",5625,7000,0
"COCA LIGHT","Boisson",8958,10000,60
"COCA ZERO 330ML","Boisson",8750,10000,24
"COCONUT MILK","Lait",11250,15000,16
"COEUR","Cuisine",28500,35000,0
"COFFE MATE","Divers",32333,40000,15
"COLGAT MAXFRESH BIEU","Cosmétique",12500,15000,1
"COLGAT MAXFRESH ROUGE","Cosmétique",12500,15000,4
"COLGAT MAXFRESH VERT","Cosmétique",12500,15000,28
"COLGATE HERBAL","Cosmétique",12500,15000,35
"COLGATE OPTIC WHITE","Cosmétique",35000,50000,5
"COLGATE PLAX 500ML","Cosmétique",35000,50000,1
"COLGATE PROTECTION","Cosmétique",14666,20000,46
"COLGATE TRIPLE ACTION","Cosmétique",35000,50000,3
"COMFACT BABY","Cosmétique",15000,20000,0
"CONFI N2","Cosmétique",58000,65000,13
"CONFI N3","Cosmétique",55941.18,65000,16
"CONFI N4","Cosmétique",56125,65000,7
"CONFI N5","Cosmétique",57000,65000,3
"CONFITIR APRICOT","Alimentation",12437,15000,9
"CONFITIR EVERYDAY ABRICOTS","Alimentation",30000,35000,6
"CONFITIR MIX FRUIT","Alimentation",12437,15000,10
"CONFITIR STRAWBERRY 370G","Alimentation",12149.6,15000,6
"CONFITURE ANANAS 370G","Alimentation",12916,15000,7
"CONFITURE ORANGE 370G","Alimentation",12916,15000,6
"CONFITURE ROYAL MIXED FRRUIT JAM","Alimentation",13750,20000,10
"CONFITURE ROYAL STRAWBERRY JAM","Alimentation",13750,20000,10
"CORN FLAKES ASMACUP","Céréales",23333,30000,10
"CORN FLAKES BLONDOR","Bébé",32500,40000,3
"CORN FLAKES DAY & NIGHT","Céréales",23333,30000,4
"CORN FLAKES HAPPY CORN","Céréales",23333,30000,1
"CORN FLAKES KWALITY","Bébé",20416,30000,8
"CORN FLAKES RITE","Biscuit",27083,30000,9
"CORN FLAKES SHANTIS","Céréales",23333,30000,1
"CORNAN BEEF EXETER BEEF 200G","Alimentation",6875,8000,13
"CORNAN BEEF EXETER BEEF 320G","Alimentation",10356.22,12000,55
"CORNAN BEEF EXETER POULET 200G","Alimentation",7083,8000,19
"CORNAN BEEF EXETER POULET 200G","Alimentation",6750,8000,19
"CORNAN BEEF EXETER POULET 320G","Alimentation",10625,12000,25
"CORNAN BEEF EXETER POULET 320G","Alimentation",9791,12000,25
"CORNAN BEEF LUNCHONE POULET 850G","Alimentation",18750,25000,1
"CORNAN BEEF MONTEX 400G","Alimentation",12000,15000,17
"CORNAN BEEF SARA 850G","Alimentation",20416,25000,34
"CORNAN BEEF SARA BEEF 350G","Alimentation",10191.32,12000,48
"CORNAN BEEF SARA POULET 350G","Alimentation",10148.43,12000,51
"CORNANBEFF FLORIDA BEEF 320G","Café",10625,12000,24
"CORNANBEFF FLORIDA POULET 320G","Café",10625,12000,24
"CORNED BEEF COVI 200G","Alimentation",9791,15000,21
"CORNED BEEF COVI 340G","Alimentation",25416,30000,23
"CORNICHONS A L ANETH 680GM","Alimentation",25416,35000,2
"CORNICHONS SLICED DILL PICKLES 482GM","Cuisine",25416,35000,11
"COTON SALLY 290MM","Cosmétique",5500,10000,32
"COTON SALLY 350MM","Cosmétique",5500,10000,27
"COUCHE ADULTE  30PS","Lait",152500,190000,8
"COUS COUS BONJOURNE 500G","Cuisine",6445,10000,13
"COUSCOUS AYO 1KG","Cuisine",12916,15000,0
"COUSCOUS BONJOUR","",12916.67,15000,12
"COUSCOUS DALIA 1KG","Cuisine",13750,15000,20
"COUSCOUS DALIA 500G","Cuisine",7250,10000,40
"COUSCOUS SULTANA 1KG","Cuisine",13075,15000,2
"CRAKENAS","Biscuit",800,1000,14
"CREAM DE COCO","Lait",11250,15000,15
"CREAM DONIA","Lait",19599.44,7000,97
"CUILERE SPOON","Cuisine",51225,8000,6
"CUILERE YAOUR","Cuisine",3748.21,5000,7
"CUISSE DE POULET","Cuisine",22500,27000,3
"CURCURMA MOULU RUSTICA","Cuisine",18750,30000,6
"Chargeur","",14,20,10
"Chargeur","",14000,0,0
"Chargeur","",0,0,0
"DATTES ALGERIE","",33333.33,50000,12
"DATTES DALIA","",33750,50000,12
"DAX POMADE","Cosmétique",50000,70000,12
"DELMOND 30CM","Cuisine",30351.92,35000,12
"DETTOL 250ML","Cosmétique",25000,30000,14
"DETTOL 550ML","Cosmétique",35000,50000,2
"DETTOL LIQUID 125ML","Cosmétique",12000,15000,5
"DETTOL SHOZERV 1200ML","Cosmétique",32500,50000,1
"DINDON","Cuisine",29000,33000,1
"DISPENSER BELPAK PAPER","Cosmétique",37500,50000,3
"DODORAN ICARE","Cosmétique",13194,20000,14
"DODORAN ICARE FRESHENER","Cosmétique",13194,25000,12
"DODORAN ICEARE LEMON","Cosmétique",13194,25000,23
"DOMEE FRUIT COCKTAIL","Boisson",21250,25000,1
"DOVE  BEAUTY NOURISHING 800ML","Cosmétique",50000,70000,0
"DOVE BEAUTY","Cosmétique",25000,30000,0
"DOVE EXTRA FRESH","Cosmétique",30000,35000,4
"DOVE GO FRESH","Cosmétique",30000,35000,5
"DOVE GO FRESH","Cosmétique",30000,35000,0
"DOVE GO FRESH 800ML","Cosmétique",50000,70000,0
"DOVE GO FRESH COMCOMBRE","Cosmétique",30000,35000,4
"DOVE GO FRESH GOAV","Cosmétique",30000,35000,7
"DOVE GO FRESH RENEW 800ML","Cosmétique",50000,70000,0
"DOVE INVISIBLE","Cosmétique",30000,35000,4
"DOVE INVISIBLE DRY","Cosmétique",30000,35000,6
"DOVE ORIGINAL","Cosmétique",25000,30000,1
"DOVE ORIGUNAL","Cosmétique",30000,35000,3
"DOVE RELAXING CARE 800ML","Cosmétique",50000,70000,1
"DOVE RELAXING CARE 800ML","Cosmétique",50000,70000,1
"DOVE SECRETS","Cosmétique",30000,35000,4
"DWIST COOKIES","Biscuit",1666,2500,196
"Dettol medi guard","",30000,45000,6
"Divers","Autre",13,18,0
"EAU AICHA 500ML","Boisson",1875,2500,9
"EPI DOR BRIOCHES","Biscuit",24000,30000,3
"EPI DOR PETITS PAINS","Biscuit",23000,30000,5
"FACAO JIOO 400G","Alimentation",18333,25000,7
"FANTA ORANGE","Boisson",5416,7000,165
"FARALA 33%","Cosmétique",32500,45000,3
"FARINE DE BLE EVERYDAY","Cuisine",21500,25000,9
"FARINE DE BLE T45 1KG","Cuisine",20000,25000,3
"FARINE DE BLE TYPE55 1KG","Cuisine",20000,25000,7
"FATALA 300ML","Cosmétique",11000,15000,8
"FATALA 600ML","Cosmétique",20000,25000,0
"FLOCONS DAVOINE 500G","Bébé",16910.71,25000,4
"FORMAGE KIRI","Alimentation",20000,25000,2
"FORTILAC FRUIT","Bébé",27916,30000,51
"FORTILAC RIZ","Bébé",27916,30000,48
"FOSCAO JIOO 200G","Alimentation",9791,15000,40
"FRANCE LAIT 1","Lait",56250,65000,0
"FRANCE LAIT 2","Lait",56250,65000,0
"FRANCE LAIT BLE FRUITS","Bébé",31025,35000,13
"FRENCE LAIT BLE BISCUITE","Bébé",31025,35000,40
"FRENCE LAIT BLE MIEL","Bébé",31025,35000,11
"FROMAGE VACHE QUIRIT","Alimentation",8750,10000,104
"FRUIT COCKTAIL FRUITS VALLEY","Alimentation",21250,25000,0
"FRUIT COCKTAIL HOSEN","Alimentation",25833,28000,24
"FRUIT COCKTAIL NELSA","Alimentation",21250,25000,0
"FRUIT MANGO","Boisson",4500,8000,17
"FRUITALOS MIXED FRUIT","Boisson",4500,8000,40
"Feminine intimate cleansing wash","Divers",25000,40000,5
"GATAU BENNA","Gâteau",3153.97,3000,121
"GATAU TATKEK","Gâteau",6533.03,10000,80
"GATAU TATKEK FRUIT CAKE","Gâteau",9027,10000,49
"GATTO BIEN CROISSANT","Gâteau",152.56,4000,2362
"GATTO INVITE CROISSANT","Gâteau",131.65,4000,3466
"GATTO TODAY","Gâteau",83.88,3000,40
"GAZAL VINAIGRE DE POMME","Alimentation",10833,20000,4
"GEL DUCHA AXE 250ML ALASKA","Cosmétique",23000,30000,3
"GEL DUCHA AXE 250ML BLACK","Cosmétique",23000,30000,3
"GEL DUCHA AXE 250ML DARX TEMPTATION","Gel douche",23000,30000,3
"GEL DUCHA AXE 250ML EXCITE","Cosmétique",23000,30000,2
"GEL DUCHA AXE 250ML SPORT BLAST","Cosmétique",23000,30000,4
"GEL DUCHA AXE 400ML AFRICA","Cosmétique",34000,50000,1
"GEL DUCHA AXE 400ML BLACK","Cosmétique",34000,50000,1
"GEL DUCHA AXE 400ML EXCITE","Cosmétique",34000,50000,2
"GEL DUCHA AXE 400ML SPORT BLAST","Cosmétique",34000,50000,2
"GEL DUCHA NIVEA CARE DIAMOND","Cosmétique",50000,70000,3
"GEL DUCHA NIVEA COCONUT","Gel douche",50000,70000,2
"GEL DUCHA NIVEA CREME","Gel douche",50000,70000,3
"GEL DUCHA NIVEA CREME ALOE","Cosmétique",50000,70000,4
"GINNY CHOCOLAIT 400G","Alimentation",18000,25000,3
"GLORIA BANTANHI","Lait",3800,5000,19
"GLORIA OMELA","Lait",5035.76,6000,93
"GLORIA PEAK","Lait",7916,9000,58
"GLORIA ROYAL FAMILY","Lait",3593.75,5000,95
"GLORIA ZAGO","Lait",5190.62,6000,92
"GLORIA ZOE","Lait",3800,5000,56
"GOLD NESCAFE 200G","Café",104166,120000,0
"GOLORIA MALIPAN","Lait",3854,5000,128
"GOLORIA NOUR 160G","Lait",3645,5000,95
"GOLORIA PURA VIDA 160G","Lait",3800,5000,91
"GRAEM DOVE","Cosmétique",45000,60000,0
"GREEDY BIFA","Biscuit",868,1000,4
"HAMZA","Cuisine",6458,8000,39
"HAMZA AYO","Cuisine",6041,8000,1
"HAMZA FENNA","Divers",7750,8000,53
"HARICOT BLANCS SOLEIL 800G","Cuisine",18075,23000,10
"HARICOTS VERTS 800G","Cuisine",18952.88,23000,30
"HEAD & SHOULDERS CLASSIC","Cosmétique",45000,65000,1
"HEAD & SHOULDERS SMOOTH","Cosmétique",45000,65000,1
"HEAD & SHOULDERS SOOTHING","Cosmétique",45000,65000,0
"HUIL CIAO 5L","Cuisine",82500,135000,5
"HUIL D OLIVE 250ML","Cuisine",23750,27000,10
"HUIL D OLIVE FARA","Cuisine",50833,65000,0
"HUIL D OLIVE FARA 1/2L","Cuisine",29583,40000,2
"HUIL DE TOURNESOL NAH 1L","Huile",27083,35000,1
"HUIL DE TOURNESSOL 5L","Huile",121250,135000,0
"HUIL UVEL 1L","Huile",27083,35000,24
"HUIL UVEL 5L","Cuisine",113750,135000,3
"HUILE 1L","Huile",27916,35000,2
"HUILE DE MAIS GOLDEN GARDEN","",57500,70000,6
"HUILE DE TOURNESOL 5L","Cuisine",116250,135000,3
"HUILE DOLIVE OLIVERA 1L","Huile",53750,70000,0
"HUILE DOLIVE ROYAL 1L","Huile",52916,65000,32
"HUILE DOLIVE ROYAL 500ML","Huile",32083,40000,10
"HUILE GUILLEN","Divers",67083.33,80000,12
"HUILE OLIVERAL 1/2","",35416.67,45000,12
"HUILE TORINO","",201250,250000,4
"HUILE VITAL 1L","Huile",27916,35000,0
"Hair & scalp shampoo & conditionner","Divers",20833,35000,12
"Huile American California","Divers",35000,60000,4
"Huile Soja","",50000,65000,10
"INCOLACT PETTI","Divers",10816,13000,24
"INCOLAIT 1L","Divers",18750,20000,2
"IRISH SPRING","Cosmétique",8000,10000,0
"Intim elle aloe vera feminine wash","",20000,40000,5
"JADIDA 2/5KG","Alimentation",83750,90000,2
"JADIDA 500G","Alimentation",17916,20000,11
"JADIDA 5KG","Alimentation",130000,140000,8
"JADIDA 900G","Alimentation",35833,40000,5
"JAGO CHOCOLATE 400G","Alimentation",18260,25000,32
"JARDIN GOLD 190G","Café",91000,100000,1
"JIMMY","Chocolat",3905.94,5000,87
"JOE BUTTER JCE MARGARINE 250G","Alimentation",20000,25000,84
"JOJOGUM COLA","Chewing-gum",800,1500,8
"JOJOGUM PEPPERMINT","Chewing-gum",800,1500,8
"JOJOGUM SPEARMINT","Chewing-gum",800,1500,13
"JOJOGUM STRAWBERRY","Chewing-gum",800,1500,9
"JUIS DRINKO MANGO 250ML","Boisson",6000,8000,0
"JUIS FRUITREE MANGO 1L","Boisson",17083,20000,3
"JUIS FRUITREE RED GRAPE 1L","Boisson",17083,20000,4
"JUIS HEAVEN MANGO","Boisson",35416,50000,0
"JUIS HEVEN STRAWBERRY","Boisson",35416,50000,0
"JUIS LEMON","Boisson",21250,30000,19
"JUIS SUNLAND TROPICAL 1L","Boisson",21250,28000,26
"JUMEAUX","Bébé",22500,28000,0
"JUS AL BOUSTANE ANANAS 1L","Boisson",15000,20000,0
"JUS AL BOUSTANE COCKTAIL FRUITS1L","Boisson",15000,20000,0
"JUS AL BOUSTANE MANGO1L","Boisson",15000,20000,2
"JUS AL BOUSTANE ORANGE 1L","Boisson",15000,20000,2
"JUS AL BOUSTANE ORANGE LIGHT 1L","Boisson",15000,20000,0
"JUS BENNU 200ML","Boisson",2222,3000,3
"JUS BENNU COCKTAIL 200ML","Boisson",2407,3000,33
"JUS BENNU MANGO 200ML","Boisson",2383.13,3000,139
"JUS BENNU POMME 200ML","Boisson",2222,3000,0
"JUS CASAMANCAISE ANANAS 1L","Boisson",16250,20000,1
"JUS CASAMANCAISE BISSAP MENTHE 1L","Boisson",16250,20000,0
"JUS CASAMANCAISE GURGEMBRE 1L","Boisson",16250,20000,0
"JUS CASAMANCAISE ORANGE 1L","Boisson",16250,20000,0
"JUS CASAMANCAISE TROPICAL 1L","Boisson",16250,20000,0
"JUS DRINKO ANANAS 250ML","Boisson",6000,8000,29
"JUS FRUITALOS ANANAS BOITE","Boisson",4425.85,8000,46
"JUS FRUITALOS COCO ANANAS BOITE","Boisson",4500,8000,1
"JUS FRUITALOS TAMARIND BOITE","Boisson",4375,8000,6
"JUS FRUITFUN ORANGE 1L","Boisson",15833,20000,0
"JUS FRUITFUN ORANGE 500ML","Boisson",8000,10000,0
"JUS FRUITIX MANGO 1L","Boisson",15856.86,20000,13
"JUS FRUITIX MANGO 250ML","Boisson",4000,5000,24
"JUS GLOBAL COCKTAIL","Boisson",5416,8000,0
"JUS GLOBAL ORANGE","Boisson",5416,8000,0
"JUS GLOBAL SAURSAP","Boisson",5416.67,8000,0
"JUS GLOBAL TAMARIN","Boisson",5416.66,8000,1
"JUS HEAVEN APPLE NON ALCOHOLIC","Boisson",35332.8,50000,0
"JUS HEAVEN REDGRAPE AL ALOCOHOLIC","Boisson",35416,50000,0
"JUS HEAVEN WHITE GRAPE","Boisson",35312,50000,0
"JUS HEAVEN WHITE GRAPE","Boisson",35384,50000,0
"JUS JUNIOR FRUIT COCKTAIL","Boisson",2000,2500,5
"JUS JUNIOR MANGO","Boisson",2000,2500,0
"JUS JUNIOR ORANGE","Boisson",2000,2500,20
"JUS JUVER ANANAS 100% 1L","Boisson",22500,30000,0
"JUS JUVER ANANAS 1L","Boisson",20000,25000,0
"JUS JUVER FRUIT TIFRUITS 100% 1L","Lait",22500,30000,0
"JUS JUVER FRUIT VITAMINS 1L","Boisson",20000,25000,0
"JUS JUVER MANGO 1L","Boisson",20000,25000,6
"JUS JUVER ORANGE 100% 1L","Boisson",22500,30000,0
"JUS JUVER ORANGE 1L","Boisson",20000,25000,0
"JUS JUVER POMME 100% 1L","Boisson",22500,30000,0
"JUS JUVER RED GRAPES 1L","Boisson",20000,25000,0
"JUS JUVER TOMATE 100% 1L","Boisson",22500,30000,0
"JUS JUVER TROPICAL FRUITS 1L","Boisson",20000,25000,0
"JUS LAVARIA ANANAS 1L","Boisson",15833,20000,0
"JUS LAVILA MIXED FRUIT  1L","Boisson",15833,20000,19
"JUS LIPTON PECHE","Boisson",12500,15000,1
"JUS LIPTON TROPICAL","Boisson",12500,15000,0
"JUS PARADIS MANGO 1L","Boisson",15800,20000,1
"JUS PARADIS ORANGE 1L","Boisson",17083,20000,24
"JUS PARADISE APPLE 1L","Boissons",17081,20000,124
"JUS PARADISE COCKTAIL 1L","Boissons",17083,20000,24
"JUS PARADISE PINEAPPLE 1L","Divers",17083,20000,24
"JUS POWER MALT","Boisson",10416,13000,24
"JUS RAMA ANANAS BOITE","Boisson",3704.4,5000,329
"JUS RAMA COCKTAIL BOITE","Boisson",5267.73,5000,193
"JUS RAMA FRUIT ROUGE BOITE","Boisson",3958,5000,58
"JUS RAMA TAMARIN BOITE","Boisson",3645,5000,22
"JUS SAGIKO ANANAS","Boisson",6250,8000,9
"JUS SAGIKO COCKTAIL","Cosmétique",6250,8000,1
"JUS SAGIKO ORANGE","Boisson",6250,8000,11
"JUS SAGIKO TAMARIN","Boisson",6250,8000,1
"JUS SK MANGO1L","Boisson",17083,20000,0
"JUS SK RAISIN ROUGE 1L","Boisson",17083,20000,0
"JUS SUNDRIP","Boisson",2000,2500,16
"JUS TROPIX ANANAS BOITE","Boisson",6250,8000,12
"JUS TROPIX COCKTAIL BOITE","Boisson",6250,8000,0
"JUS VALENCIA NECTAR COCKTAIL 1L","Divers",17083,20000,24
"JUS VINTO ORIGINAL BOITE","Boisson",7291,9000,53
"JUS VITA MALT","Boisson",9791,13000,35
"JUS VITAMALT BOITE","Boisson",7291,10000,36
"JUS VITRAC GUAVA","Boisson",7500,10000,0
"JUS VITRAC MANGO 250ML","Boisson",7500,10000,0
"JUS VITRAC MIXED FRUITS 250ML","Boisson",7500,10000,1
"JUS WIZZ","Boisson",2266,3000,2
"JUS WIZZ FRASIE","Boisson",2266.67,3000,0
"JUS XXL BOITE","Boisson",5750,8000,0
"Jake cookies","",8000,15000,12
"KEKS CHOCO CHIP","Gâteau",29583,35000,1
"KEKS MARBLE","Gâteau",2200,3000,2
"KEKS ROLL","Gâteau",2449.41,3000,77
"KETCH UPP INDO GARDEN","Divers",9372,15000,24
"KETCHUP ALFA 340G","Cuisine",5900,8000,48
"KETCHUP ALFA KKG","Cuisine",87386.54,95000,9
"KIDS PROMO COCKTAIL","Boisson",2062,2500,972
"KIDS PROMO MANGO","Boisson",2062,2500,122
"KIDS PROMO ORANGE","Cosmétique",2062,2500,68
"KITKAT","Chocolat",7916.66,10000,0
"LA PRAIRIE 1KG","Alimentation",22500,30000,0
"LA PRAIRIE 4KG","Alimentation",105000,120000,0
"LA PRAIRIE 900G","Alimentation",21000,25000,0
"LAIT ALOE VERA CREAM","Cosmétique",30000,40000,1
"LAIT AMERICAM","Cosmétique",30000,40000,1
"LAIT AMERICAN COCOA BUTTER","Cosmétique",30000,40000,0
"LAIT AMERICAN FLORIDA","Cosmétique",38000,50000,4
"LAIT AMERICAN HAWAU","Cosmétique",38000,50000,0
"LAIT AMERICAN POMEGRANATE","Cosmétique",30000,40000,0
"LAIT AMRICAM CARROT","Cosmétique",30000,40000,1
"LAIT BEST MILK","Lait",883.49,1000,1657
"LAIT COUNTRE BANANA","Lait",8861.54,15000,286
"LAIT COUNTRE FULL CREAM","Lait",8888.89,15000,0
"LAIT DARSHANS 2.5KG","Lait",152500,200000,5
"LAIT DE COCO","Lait",11250,15000,19
"LAIT DEMI ECREME PRESIDENT 1L","Lait",21250,25000,0
"LAIT ECREME PRESIDENT 1L","Lait",21250,25000,0
"LAIT EN POUDRE PEAK 900G","Lait",109166,115000,16
"LAIT ENTIER EVEN 1L","Lait",20416,23000,33
"LAIT ENTIER PRESIDENT 1L","Lait",21250,25000,0
"LAIT FIRST CHOICE  ENTIER","Lait",15833,20000,5
"LAIT FIRST CHOICE DEMI ECREME","Lait",15833,20000,5
"LAIT JIBAL ENTIER 1L","Lait",15333,20000,0
"LAIT MALIPAN 1/2L","Lait",9583,13000,0
"LAIT MANA ENTIER 1L","Lait",18750,23000,48
"LAIT MANA ENTIER 500ML","Lait",11661.04,15000,1
"LAIT MILCASA 1L","Lait",17083,20000,0
"LAIT MILCOW 1L","Lait",18750,20000,29
"LAIT MULIK CHOCOLATE","Lait",135000,15000,3
"LAIT MULIK STRAWBERRY 500ML","Lait",12500,15000,1
"LAIT MULIK VANILLA 500ML","Lait",125000,15000,0
"LAIT OLIVE OIL CREAM","Cosmétique",30000,40000,2
"LAIT PEAK 2.5KG","Lait",285000,300000,5
"LAIT PEAK 400G","Lait en poudre",43958,50000,30
"LAIT QMERICAN ORLANDO","Cosmétique",38000,50000,2
"LAIT SUCRE COWMILK 1KG","Lait",16000,20000,0
"LAIT SUICRE 1KG","Lait",16041,20000,18
"LAIT SUICRE CEBON","Alimentation",16041,20000,15
"LAIT SUPER MILK 80ML","Lait",2000,2500,3
"LAIT VASELINE","Cosmétique",27500,40000,0
"LAIT VASELINE ADVANCED","Cosmétique",27500,40000,1
"LAIT VASELINE ALOE SOOTHE","Cosmétique",27500,40000,1
"LAIT VASELINE DRY SKIN","Cosmétique",27500,40000,0
"LATOJA GEL DUCHA","Cosmétique",35000,45000,1
"LAVILA MANGO 1L","Boisson",15833,20000,0
"LAVILA ORANGE 1L","Boisson",15833,20000,10
"LAVILA PINEAPPLE","Boisson",15833,20000,12
"LEGEND NON ALCOHOLIC BLUE COCKTALL","Boisson",32916,50000,6
"LEGEND NON ALCOHOLIC GREEN COCKTALL","Boisson",32916,50000,8
"LEGEND NON ALCOHOLIC RED GRAPE","Boisson",32916,50000,7
"LEGEND NON ALCOHOLIC STRAWBERRY","Boisson",32916,50000,4
"LEGEND NON ALCOHOLIC WHITE GRAPE","Boisson",32916,50000,7
"LEGEND NON ALCOHOLIC YELLOW COCKTALL","Boisson",32916,50000,7
"LENGETTE CONFY","Cosmétique",18333,25000,41
"LISTERINE 250ML","Cosmétique",27500,35000,2
"LISTERINE 500ML","Cosmétique",50000,60000,0
"LISTERINE TOTAL CQRE 250ML","Cosmétique",27500,35000,4
"LOREAL CARBON","Cosmétique",27500,35000,5
"LOREAL MAGNESIUM","Cosmétique",27500,35000,5
"LOREAL SHIRT","Cosmétique",27500,35000,3
"LOREALTHERMIC","Cosmétique",27500,35000,5
"M&M CHOCALATE","Chocolat",8333,10000,0
"M&M PEANUT","Chocolat",8333,10000,0
"MACARONI LA ROSE BLANCHE","Cuisine",6800,8000,11
"MACARONI LA ROSE BLANCHE CAVATAPPI 500G","Cuisine",6800,8000,1
"MACEDOINE SOLEIL 400G","Cuisine",12017.21,15000,34
"MACEDOINE SOLEIL 800G","Cuisine",18875.19,23000,54
"MADELRINES CHOCOLA","Gâteau",27000,35000,9
"MADOS YAOUR","Cosmétique",3375,5000,115
"MAGGI AROME","Cuisine",19458,21000,9
"MAGGI CREVETTE","Cuisine",17916,20000,8
"MAGGI POULET","Cuisine",19458,21000,11
"MAGGI TABLETTE","Cuisine",17916,20000,11
"MAGIC POUDRE","Cosmétique",40000,50000,5
"MAGNO GEL DUCHE","Cosmétique",35000,45000,2
"MAIS ROYAL 400G","Cuisine",10208,15000,8
"MAIS SWEET CORN","Cuisine",10416,15000,25
"MARS","Chocolat",7994.68,10000,0
"MARTINA CHOCOLA","Chocolat",706,1000,624
"MASSAGES FREEWE","Cosmétique",18000,25000,5
"MAYONNAISSE CIAO 32","Alimentation",20021.6,25000,67
"MAYONNAISSE CIAO 5KG","Alimentation",107500,115000,20
"MAYONNAISSE CMAK 770G","Alimentation",35833,45000,59
"MAYONNAISSE OLIS 1.4KG","Alimentation",44166,55000,1
"MAYONNEISE REAL 1200G","Alimentation",43333,55000,1
"MELOLAC 4OOG","Bébé",32083,35000,23
"MENTOS","Chewing-gum",18333,25000,0
"MIEL ROYAL 500G","Boisson",22083,30000,11
"MILO 200G","Alimentation",31458.33,40000,1
"MODILAC N1","Lait",66666,70000,0
"MON AMOUR","Cosmétique",27500,35000,6
"MONSAVON","Gel douche",8500,15000,8
"MOONA","Cosmétique",32500,45000,4
"MOSAUITO REPELLENT","Cosmétique",45000,50000,5
"MOUTARD REINE 150G","Cuisine",6000,10000,5
"MOUTARD REINE 370G","Cuisine",13990.9,18000,24
"MOUTARD REINE 850G","Cuisine",30833,35000,5
"MOUTARD SAUERS","Cuisine",32083,38000,0
"MOUTARD STAR","Cuisine",27894.53,35000,15
"MULTI FRUIT BOMBOM","Bonbon",150,250,1186
"MUSHROOMS 400G","Cuisine",10833,15000,9
"MY LITTLE MIRACLE BABY BATH 500ML","Cosmétique",25000,30000,5
"MY LITTLE SNAPPY BABY 500ML","Cosmétique",25000,30000,5
"Melange american touch california","Divers",20000,35000,4
"My Little miracle flamazing baby lotion","Divers",25000,40000,5
"My little miracle top to toe baby wash","Divers",25000,40000,6
"My little miracle wriggly","Divers",25000,40000,6
"N GAARI GRAND 320G","Alimentation",11875,13000,0
"N GAARI PETI 190G","Alimentation",7916,9000,20
"NAN 1","Lait",58075,65000,48
"NAN 2","Lait",57814.34,65000,23
"NAN 3","Lait",58111.65,65000,9
"NANA  PROTECTION","Cosmétique",9791,15000,20
"NANA EXTRA NUIT","Cosmétique",9791,15000,15
"NANA PROTECTION","Cosmétique",9791,15000,14
"NARTA HOMME","Cosmétique",30000,35000,2
"NARTA IMPECCABLE","Cosmétique",30000,35000,2
"NARTA INVISIMAX","Cosmétique",30000,35000,3
"NARTA PEAUPARFAITE","Cosmétique",30000,35000,3
"NESCAFE 200G TRADICAO","Divers",65416.67,75000,10
"NESCAFE ADORO 200G","Alimentation",23333,30000,15
"NESCAFE BON CAFFE 200G","Café",27932.05,35000,12
"NESCAFE CLASSIC 200G","Café",24583,30000,13
"NESCAFE GOLD 100G","Café",48000,60000,0
"NESCAFE GOLD DECAF","Alimentation",58750,70000,0
"NIDO 2.5G","Lait",275833,300000,7
"NIDO 400G","Lait",44635.05,50000,27
"NIDO 800G","Lait",96250,100000,25
"NIKS CARAMEL","Chocolat",2200,3000,0
"NINOLAC BLE","Bébé",29583,35000,0
"NINOLAC FRUIT","Bébé",30416,35000,12
"NINOLAC RIZ","Bébé",29583,35000,1
"NITRILAC","Bébé",22289.86,25000,52
"NIVEA BLACK","Cosmétique",25000,30000,3
"NIVEA BLACK ROLLON","Cosmétique",25000,30000,0
"NIVEA COOL KICK ROLLON","Cosmétique",25000,30000,0
"NIVEA DRY COMFORT","Cosmétique",30000,35000,1
"NIVEA DY COMFORT ROLLON","Cosmétique",25000,30000,3
"NIVEA FRESH","Cosmétique",30000,35000,2
"NIVEA HIJAB ACTIVE ROLLON","Cosmétique",25000,30000,2
"NIVEA HIJAB COOL ROLLOM","Cosmétique",25000,30000,0
"NIVEA MEN","Cosmétique",40000,50000,5
"NIVEA PROTEGE","Cosmétique",30000,35000,2
"NOODLES CHICKEN PRAN","Cuisine",7000,10000,0
"NOODLES CURRY PRAN","Cuisine",7000,10000,23
"NOODLES EASY INSTANT PRAN","Cuisine",7000,10000,0
"NOODY CHICKEN","Cuisine",2625,5000,66
"NOODY SAVEUR BOEUF","Cuisine",2625,5000,61
"NOODY SAVEUR CREVETTE","Cuisine",2500,5000,15
"NURSIE 1","Lait",52916,60000,9
"NURSIE 2","Lait",42360.67,60000,8
"NUTELLA 350G","Chocolat",35333,45000,0
"NUTELLA 750G","Chocolat",70416,85000,3
"Nescafe classic","",46041,50000,24
"OGEO","Biscuit",350,500,69
"OIL OLIVE FARAH 2/4L","Cuisine",21250,27000,2
"OIL OLIVE TORINO 1L","Cuisine",50416,65000,1
"OIL TURNO","Cuisine",127500,135000,0
"OLIVE GRAINT WODI FOOD","Divers",12916.67,15000,24
"OLIVE GREEN","Cuisine",12916,15000,1
"OLIVE GREEN HUTESA","Cuisine",13750,15000,10
"OLIVE PETTED GREEN","Cuisine",18750,25000,5
"OLIVE VERT 340G","Cuisine",12916,15000,2
"OLIVE WHOLE BLACK","Cuisine",18750,25000,11
"ONE MAN SHOW","Cosmétique",32000,40000,3
"ORIEN CHOCOLA","Chocolat",300,500,49
"OVALTINE 200G","Alimentation",22291,25000,19
"OVALTINE BOITE 200G","Alimentation",42318.17,50000,28
"OVALTINE BOUTEILLE 200G","Alimentation",28711.62,35000,34
"PALMOLIVE FEEL GOOD 500ML","Cosmétique",34000,45000,2
"PANWANI PROVENCALE","Cuisine",23000,30000,0
"PANZANI BASILIC","Cuisine",21368,30000,0
"PANZANI BOLOGNAISE","Cuisine",27400,35000,0
"PANZANI PESTO","Cuisine",24000,30000,0
"PANZANI TOMA PIZZA","Cuisine",17500,25000,2
"PAPIE VOITURE LONDON","Cosmétique",12666,20000,30
"PAPIER ROULO BIG ROLL","Cosmétique",42000,50000,0
"PAPIER SOLO","Cosmétique",48000,70000,0
"PAPIER TABLE","Cosmétique",3687,5000,4
"PAPIER VOITIR","Cosmétique",7560,20000,0
"PAPRIKA","Cuisine",21000,25000,5
"PARIS EN FLEURS","Cosmétique",27500,35000,5
"PASCUAL BANANA 750ML","Lait",20833,25000,0
"PASCUAL BANANA/PLATANO 120G","Lait",4791,6000,76
"PASCUAL FRESA 750ML","Lait",20833,25000,0
"PASCUAL GREEK 480G","Lait",4791,6000,4
"PASCUAL NATURE 750ML","Lait",20833,25000,0
"PASCUAL STRAWBERRRY/FRESA 120G","Lait",5000,6000,48
"PASCUAL STRAWBERRY BANANA FRESA PLATANO","Lait",4791,6000,77
"PASCUAL STRAWBERRY/FRESA 120G","Lait",4791,6000,4
"PASCUAL YOGIKIDS 120G","Lait",4791,6000,19
"PATE COLGATE 2-5","Cosmétique",8000,10000,28
"PATE COLGATE CHARCOAL","Cosmétique",20000,25000,1
"PATE COLGATE MAX WXHITE","Cosmétique",12500,15000,11
"PATE COLGATE SPECIAL","Cosmétique",13750,18000,34
"PATE COLGATE TOTAL ADVANCED","Cosmétique",22500,25000,46
"PATE COLGATE TOTAL CLEAN","Cosmétique",22500,25000,15
"PATE COLGATE TRIPLE ACTION","Cosmétique",12500,15000,11
"PATE DOCTOR","Cosmétique",4000,6000,9
"PATE LONGRICH GRAND","Cosmétique",47000,55000,1
"PATE LONGRICH PETIT","Cosmétique",22000,30000,0
"PATE MEDIANN","Cosmétique",9000,10000,0
"PATE SENSODYNE ACTION ANTI-TARTE","Cosmétique",44166,60000,1
"PATE SENSODYNE ACTION SENSIBILITE","Cosmétique",44166,60000,1
"PATE SENSODYNE COMPLET","Cosmétique",44166,60000,12
"PATE SENSODYNE FRAICHEUR","Cosmétique",44166,60000,8
"PATE SENSODYNE SOIN GENCIVER","Cosmétique",44166,60000,3
"PAZE","Cuisine",14000,20000,40
"PEPSI","Boisson",7291,9000,52
"PEPSI ZERO","Boisson",7708,10000,73
"PERINGLES CHEESY 165G","Biscuit",20263,25000,35
"PERRIER","Boisson",11041,15000,0
"PERSIL","Cuisine",20000,25000,9
"PETALES CHOCOLAT 500G","Bébé",36000,45000,0
"PETIT POIS SOLEIL 400G","Cuisine",11452.19,15000,31
"PETITES MADELEINES 85G","Gâteau",12083,20000,10
"PIMENT SONIA","Cuisine",11764.47,15000,10
"PIMENT ZENA","Cuisine",26666,30000,1
"PIMENT ZENA SIMPLE","Cuisine",27237.71,30000,37
"POIVRE NOIR","Cuisine",20000,25000,3
"POTATO CRUNCH","Biscuit",4166.71,6000,125
"POTATO CRUNCH ORIGINAL","Biscuit",3736.95,5000,96
"POWDER","Divers",15000,20000,20
"POWDERED CHOCOLATE MIX","Alimentation",1400000,15000,0
"POWER MALT 330ML","Boisson",7291,10000,27
"PRAMISE","Cosmétique",27500,35000,6
"PRESSEA A PLE 1L","Boisson",16250,20000,3
"PRESSEA COCKTAIL 1L","Boisson",16250,20000,14
"PRESSEA PINEAPPLE COCONUT 1L","Boisson",16250,20000,0
"PRIGLES SALT VINEGAR","Céréales",18157,25000,8
"PRINGLES CHEESE ONION 165G","Biscuit",20263,25000,31
"PRINGLES HOT & SPICY","Céréales",20000,25000,0
"PRINGLES HOT SPICY 165G","Biscuit",20263,25000,33
"PRINGLES HOT SPICY 40G","Céréales",9375,12000,1
"PRINGLES ORIGINAL 165G","Biscuit",20263,25000,51
"PRINGLES ORIGINAL GRAND","Céréales",18157,25000,1
"PRINGLES ORIGINAL PETIT","Céréales",9691.23,12000,1
"PRINGLES PAPRIKA GRAND","Céréales",20000,25000,0
"PRINGLES PAPRIKA PETIT","Céréales",9358.92,12000,5
"PRINGLES SALT VINEGAR 40G","Céréales",9375,12000,17
"PRINGLES SOUR CREAM GRAND","Céréales",18157,25000,5
"PRINGLES SOUR CREAM PETIT","Céréales",9166,12000,4
"PRINGLES TEXAS BBQ GRAND","Céréales",20256.26,25000,34
"PRINGLES TEXAS BBQ PETIT","Céréales",9166,12000,3
"PRTIT POIS SOLEIL 800G","Cuisine",18543.57,23000,48
"PULADUO CLEENEX","Cosmétique",3687,5000,69
"PUREE","Bébé",22615.19,30000,31
"QUAKER","Bébé",17975.35,25000,24
"RED BULL","Boisson",13000,15000,3
"REXONA ADVANCED DODORAN","Cosmétique",30000,35000,3
"REXONA ANTIBACTERIAL","Cosmétique",25000,30000,1
"REXONA ANTIBACTERIAL PROTECTION","Cosmétique",30000,35000,3
"REXONA BAMBOO","Cosmétique",30000,35000,6
"REXONA BIORYTHM","Cosmétique",30000,35000,6
"REXONA COTTON DRY","Cosmétique",30000,35000,6
"REXONA COTTON DRY","Cosmétique",25000,30000,6
"REXONA INVISIBLE","Cosmétique",30000,35000,5
"REXONA MOTION SENSE","Cosmétique",30000,35000,6
"REXONA WORKOUT","Cosmétique",25000,30000,3
"REXONA XTRACOOL","Cosmétique",30000,35000,4
"RIDIELAC 1AN","Bébé",32916,40000,33
"RIDIELAC 8MOIS","Bébé",29583,35000,21
"RIDIELAC FRUIT","Bébé",30000,35000,4
"RIDIELAC LAIT BLE 6MOI","Bébé",29583,35000,25
"RIYA BUTTER COOKIES ROUGE","Biscuit",25416,30000,22
"RIZ TANIA","Cuisine",89625,100000,6
"SAFA","Alimentation",12708,15000,1
"SALCHICHA POULET CONFIDENCE","Cuisine",13000,15000,7
"SANTOS CAPPUCCINO","Café",0,3000,415
"SARA POULET 850G","Alimentation",20416,25000,8
"SARDIN LEADER","Café",5468,6000,95
"SARDIN PIMENTE","Alimentation",6500,7000,0
"SARDINE","Alimentation",6500,7000,248
"SAVOM MARSEILLE","Gel douche",50000,65000,12
"SAVON DETTOL COOL","Gel douche",5500,8000,34
"SAVON DETTOL FRESH","Gel douche",5500,8000,34
"SAVON DETTOL ORIGINAL","Gel douche",5500,8000,34
"SAVON DOVE BEAUTY","Gel douche",9000,15000,4
"SAVON DOVE PINK","Gel douche",9000,15000,6
"SAVON GUARDEX","Gel douche",8000,10000,0
"SAVON LONGRICH","Cosmétique",24000,30000,10
"SAVON LUX GLOZING","Gel douche",9000,15000,24
"SAVON LUX NOURISHED","Gel douche",9000,15000,36
"SAVON PALMOLIVE BALANCE","Gel douche",9000,15000,23
"SAVON PALMOLIVE HERBAL","Gel douche",9000,15000,11
"SAVON PHARMAPUR","Gel douche",8000,10000,0
"SEL FIN CEREBOS 500G","Cuisine",17000,25000,5
"SENSODYNE BEIN DE BOUCHE 500ML","Cosmétique",45000,60000,0
"SILVER SCENT","Cosmétique",32000,40000,4
"SIRO MENTHE","Boisson",43000,50000,0
"SIROP DE MENTHE HANNY","Boisson",35833,45000,13
"SIROP MENTHE","Boisson",36388.67,45000,18
"SIXERS","Chocolat",2075,4000,126
"SLEEPY ADULT","Cosmétique",50833,70000,20
"SLEEPY ALOE VERA","Cosmétique",15416,20000,0
"SNICKERS 50G","Chocolat",8375,10000,1
"SOFT BIFA","Biscuit",950,1500,218
"SOFTCARE  S 3-8KG","Cosmétique",47000,60000,0
"SOFTCARE 6-11 KG","Cuisine",58750,75000,0
"SOFTCARE 9-16KG","Cosmétique",58750,75000,0
"SOFTCARE M 6-11KG","Cosmétique",58750,75000,1
"SOFTLOVE N4","Cosmétique",25000,35000,4
"SPAGHETTI DALIA 500G","Cuisine",5000,8000,1
"SPAGHETTI3 LA ROSE BLANCHE","Cuisine",6250,8000,18
"SPRITE","Boisson",6500,8000,4
"SUCRE STLOIS 1KG","Alimentation",14600,25000,15
"SUICRE SILOUIS 1KG","Alimentation",16400,25000,35
"SUICRE SINOLIS","Alimentation",0,25000,0
"SUNLAND ANANAS","Divers",24583.33,28000,24
"SUNLAND POMME","Divers",24583.33,28000,10
"SUPER BELPAK PAPER","Cosmétique",34166,45000,6
"SWEET CORN MAIS 400G","Cuisine",10208,15000,6
"Savon","",50000,65000,10
"Savon curcuma","",8000,15000,25
"Shampo american Rio","Divers",25000,40000,3
"Shampo american california","Divers",25000,40000,3
"Shampo american carolina","Divers",25000,40000,3
"Shampo american hawaii","Divers",25000,40000,3
"Shampo cheveux botanical","Divers",23333,40000,3
"Shampo hyaluronic hydration lockong","",20833,40000,3
"Shampo hyaluronnic dry hair","Divers",20833,40000,3
"Sweet banana body scrub","Divers",12500,30000,11
"TAMEK  KARSYK","Divers",21250,25000,7
"TAMEK ANANAS","",21250,25000,11
"TAMEK ORANGE","",21250,25000,12
"TAMMEL 100% POMMR","",21250,25000,12
"TASS COFFEE SUPREME","Cosmétique",24000,40000,11
"TASS CREAM","Cuisine",5139.32,8000,59
"TASS DDI GRANDS","Cosmétique",24000,40000,14
"TASS DDI PETTI","Cosmétique",17000,25000,14
"TASS HAMZA","Cuisine",22018.65,35000,11
"TASS LIPTON","Cuisine",6348.84,8000,32
"TASS LIPTON 100PS","Cuisine",9250,15000,14
"TASS LIPTON RICHOOS","Cuisine",12250,15000,17
"TASS YAOUR","Cuisine",13812.39,25000,105
"THE AKBAR","Alimentation",22083,25000,10
"THE ALOKOZAI  EMBALE","",37083.33,45000,12
"THE ALOKOZAY","Café",25277,30000,36
"THE ALOKOZAY EMBALE ROUGE","Café",37083,45000,12
"THE ALOKOZAY NOM ENBALE","Alimentation",26000,30000,36
"THE BRAVO","Alimentation",22083,25000,1
"THE LIPTON ENBALE","Cuisine",37083.65,45000,25
"THE OLINDA","Alimentation",20000,25000,0
"THE PANDORA","Alimentation",20000,25000,3
"THINSTER CHOCOLA","Biscuit",2000,2500,0
"THINSTER COCO","Biscuit",2000,2500,0
"THINSTER ORANGE","Biscuit",2000,2500,0
"THON ALA SAUCE CALALANE 140G","Cuisine",30416,35000,12
"TOILET PAPER","Cosmétique",4302.73,20000,60
"TOMATO KETCHUP 560G","Cuisine",30000,35000,5
"TON HARICOT MAKENZI","Divers",21041.67,25000,24
"TON OMAAR","Alimentation",12500,17000,144
"TON OMAAR 100G","Alimentation",6539.2,10000,6
"TON PESCADA","Alimentation",7361,8000,126
"TON STAR FILET DE THON","Café",12037,15000,26
"TONIC SCHWEPPES","Boisson",7195,10000,0
"TRIDEN WATERMELON","Chewing-gum",9583,12000,60
"TRIDENT ANANAS","Chewing-gum",9583,12000,21
"TRIDENT ORIGINAL FLAVOR","Chewing-gum",9583,12000,37
"TRIDENT SPEARMINT","Chewing-gum",9375,12000,0
"TRIDENT TROPICAL","Chewing-gum",9583,12000,23
"USHUAIA DEODORANT GRENADE","Cosmétique",30000,35000,1
"USHUAIA DEODORANT ORCHIDEE","Cosmétique",30000,35000,2
"USHUAIA POLYNESIE","Cosmétique",30000,35000,4
"USHUAIA VQNILLE","Cosmétique",30000,35000,5
"VASELIN ORIGINAL 250ML","Cosmétique",30000,45000,2
"VASELIN VITAMIN E 250ML","Cosmétique",30000,45000,4
"VASELINE BABY 250ML","Cosmétique",30000,45000,4
"VASELINE COCOA BUTTER 250ML","Cosmétique",30000,45000,4
"VASELINE MEN 250ML","Cosmétique",30000,45000,2
"VEET PURE","Cosmétique",30000,37000,10
"VERMICELLE 500G","Cuisine",6800,8000,9
"VINAIGRE BLAN 1L","Cuisine",5833,10000,7
"VINAIGRE BLAN 500ML","Cuisine",4166,6000,8
"VINAIGRE CHEF","Cuisine",3333,6000,19
"VINAIGRE DE CIDER 500ML","Cuisine",34166,50000,1
"VINAIGRE DE CIDRE RUSTICA","Cuisine",34999,50000,17
"VINAIGRE KOURI 1L","Cuisine",4583,1000,18
"VINAIGRE ROUGE COLORE 1L","Cuisine",7500,10000,10
"VINAIGRE ROUGE MARIA 1L","Cuisine",5833,10000,12
"VINAIGRETTE FINES HERBES RUSTICA","Cuisine",30416,40000,9
"VINAIGRETTE MOUTARDE RUSTICA","Cuisine",30416,40000,6
"VINAIRETTE NATURE RUSTICA3564700252123","Cuisine",30416,40000,12
"VINEGAR CIDER ORGANIC","Cuisine",44583,55000,2
"VINTO BOITE","",7083.33,9000,72
"VINTO BOUTTEILLE","Boisson",4291,45000,24
"VINTO VANTILO 710ML","Boisson",33750,40000,0
"X ONE","Chocolat",832.81,1000,576
"X ONE BLANCE","Biscuit",833,1000,207
"YAOUR YELLITAAR BANANE 300G","Lait",19,13000,0
"YAOUR YELLITAAR NATURE 500G","Lait",7,15000,0
"YAOUR YELLITAAR SUCRE 500G","Lait",13000,15000,1
"YAOUR YELLITAAR VANILLE 300G","Lait",10000,13000,0
"YAOUR YELLITAAR VANILLE 500G","Lait",13000,15000,0
"YATE THE NOIR CITRON","Alimentation",26500,35000,7
"YATE THE VERT CITRON","Alimentation",26500,35000,6
"YETE THE VERT","Alimentation",26500,35000,3
"YOGU+ BANANA","Lait",3750,5000,17
"YOGU+ ENTIER","Boisson",3854.16,5000,3
"YOGU+ FRAISE","Lait",3750,5000,3
"YOGU+ FRUIT SALAD","Lait",3854.16,5000,3
"ZWAN GRAND","Alimentation",22083.33,28000,9
"ZWAN PETIT","Alimentation",15833,20000,11
"berre kadi","",33333.33,40000,18
"bobo","",0,0,0
"cerelac riz","Divers",37916.67,45000,24
"lait promess 500ml","Lait",13333,15000,0
"lait promess banane 500ml","Lait",13333,15000,3